--
-- PostgreSQL database dump
--

-- Dumped from database version 13.6
-- Dumped by pg_dump version 13.6

SET statement_timeout = 0;
SET lock_timeout = 0;
SET idle_in_transaction_session_timeout = 0;
SET client_encoding = 'UTF8';
SET standard_conforming_strings = on;
SELECT pg_catalog.set_config('search_path', '', false);
SET check_function_bodies = false;
SET xmloption = content;
SET client_min_messages = warning;
SET row_security = off;

--
-- Name: public; Type: SCHEMA; Schema: -; Owner: maxim
--

CREATE SCHEMA public;


ALTER SCHEMA public OWNER TO maxim;

--
-- Name: SCHEMA public; Type: COMMENT; Schema: -; Owner: maxim
--

COMMENT ON SCHEMA public IS 'standard public schema';


SET default_tablespace = '';

SET default_table_access_method = heap;

--
-- Name: agg; Type: TABLE; Schema: public; Owner: maxim
--

CREATE TABLE public.agg (
    gender character varying(1) NOT NULL,
    range character varying(30) NOT NULL,
    year smallint NOT NULL,
    month smallint NOT NULL,
    industry smallint NOT NULL,
    sum real NOT NULL,
    avg real NOT NULL,
    cnt real NOT NULL
);


ALTER TABLE public.agg OWNER TO maxim;

--
-- Name: c; Type: TABLE; Schema: public; Owner: maxim
--

CREATE TABLE public.c (
    client_id integer NOT NULL,
    gender character varying(1) NOT NULL,
    age smallint NOT NULL
);


ALTER TABLE public.c OWNER TO maxim;

--
-- Name: m; Type: TABLE; Schema: public; Owner: maxim
--

CREATE TABLE public.m (
    merchant_id integer NOT NULL,
    latitude real NOT NULL,
    longitude real NOT NULL,
    mcc_id smallint NOT NULL
);


ALTER TABLE public.m OWNER TO maxim;

--
-- Name: t; Type: TABLE; Schema: public; Owner: maxim
--

CREATE TABLE public.t (
    merchant_id integer NOT NULL,
    client_id integer NOT NULL,
    transaction_dttm timestamp without time zone NOT NULL,
    transaction_amt real NOT NULL
);


ALTER TABLE public.t OWNER TO maxim;

--
-- Data for Name: agg; Type: TABLE DATA; Schema: public; Owner: maxim
--

COPY public.agg (gender, range, year, month, industry, sum, avg, cnt) FROM stdin;
m	from 19 to 31	2023	5	5932	85270	85270	1
f	from 19 to 31	2023	2	1655	19562	19562	1
f	older  60	2020	5	2346	2971	2971	1
m	older  60	2023	5	9731	12997	12997	1
f	older  60	2023	2	8109	69994	34997	2
f	older  60	2020	5	5966	34087	34087	1
m	18	2020	2	8945	48958	48958	1
f	from 19 to 31	2020	5	1081	89739	44869.5	2
f	from 19 to 31	2023	5	7614	32208	32208	1
f	older  60	2023	5	2580	34882	34882	1
m	older  60	2023	5	6219	78897	78897	1
m	older  60	2020	2	2552	28473	28473	1
f	from 19 to 31	2020	5	2787	71393	71393	1
f	older  60	2023	2	8741	33508	33508	1
m	from 19 to 31	2023	5	5105	6547	6547	1
m	18	2023	5	4053	83535	83535	1
f	older  60	2023	2	9882	90467	90467	1
m	older  60	2020	2	9061	65099	65099	1
f	18	2020	5	8451	51385	51385	1
f	older  60	2023	5	7614	40632	40632	1
m	18	2023	2	2344	17494	17494	1
m	older  60	2020	5	9869	54660	54660	1
m	older  60	2020	2	4053	66930	66930	1
m	18	2020	2	6094	55891	55891	1
m	older  60	2023	2	3955	22963	22963	1
m	older  60	2020	2	5494	78942	78942	1
f	from 19 to 31	2023	5	2444	70910	70910	1
m	18	2020	5	9150	74055	74055	1
m	older  60	2023	5	6257	144501	72250.5	2
m	from 19 to 31	2020	5	8945	82492	82492	1
f	from 19 to 31	2020	5	3615	43453	43453	1
f	from 19 to 31	2020	5	9061	72012	72012	1
f	from 19 to 31	2023	5	6219	91078	91078	1
m	18	2020	5	9917	80525	80525	1
m	older  60	2020	2	5096	49351	49351	1
f	from 19 to 31	2020	5	4937	45245	45245	1
f	older  60	2020	2	9917	56319	28159.5	2
f	from 19 to 31	2023	5	2401	35045	35045	1
m	older  60	2023	2	2564	25154	25154	1
f	from 19 to 31	2023	2	4682	75515	75515	1
m	18	2023	2	6978	92396	92396	1
m	older  60	2020	2	8300	45403	45403	1
m	older  60	2020	5	7614	3416	3416	1
m	older  60	2023	2	7750	67948	67948	1
f	from 19 to 31	2023	2	1151	13930	13930	1
m	older  60	2023	5	9037	7351	7351	1
m	18	2020	5	7750	93327	93327	1
m	older  60	2020	2	9008	25786	25786	1
m	older  60	2023	2	8300	5052	5052	1
m	older  60	2023	5	9869	179314	89657	2
f	older  60	2020	2	8109	88473	88473	1
m	older  60	2020	5	7288	874	874	1
m	18	2020	2	2126	83334	83334	1
m	18	2023	5	2494	55243	55243	1
m	older  60	2020	2	3070	22074	22074	1
m	older  60	2020	2	1047	139741	69870.5	2
m	18	2023	5	3293	47360	47360	1
m	18	2020	5	4053	80124	80124	1
m	older  60	2020	2	9882	41074	41074	1
f	older  60	2023	2	7344	47177	47177	1
m	older  60	2023	2	1151	21222	21222	1
f	older  60	2023	2	2552	10804	10804	1
f	18	2020	5	6181	77803	77803	1
m	older  60	2020	2	7869	54774	54774	1
m	18	2023	2	9869	186579	93289.5	2
m	older  60	2020	2	5219	43701	21850.5	2
m	from 19 to 31	2020	2	1621	94892	94892	1
m	older  60	2023	2	4682	83120	83120	1
f	older  60	2023	2	1457	54604	54604	1
m	from 19 to 31	2020	5	8741	4697	4697	1
m	older  60	2020	2	8764	22742	22742	1
m	older  60	2020	2	1965	5414	5414	1
m	18	2023	2	6407	32285	32285	1
m	from 19 to 31	2020	2	7750	96013	96013	1
f	from 19 to 31	2020	5	6407	1007	1007	1
m	18	2023	5	8932	23686	23686	1
f	from 19 to 31	2020	2	7386	6246	6246	1
f	18	2023	5	8445	67882	67882	1
m	older  60	2020	5	8945	14099	14099	1
m	older  60	2020	2	9731	43927	43927	1
m	older  60	2020	5	9124	37855	37855	1
f	older  60	2023	2	2176	51611	51611	1
f	older  60	2023	2	9037	94069	94069	1
m	older  60	2023	2	1457	89974	89974	1
f	older  60	2023	2	9656	31754	31754	1
m	18	2023	5	2580	73422	73422	1
f	from 19 to 31	2023	2	6844	5756	5756	1
f	older  60	2023	2	2116	260	260	1
f	older  60	2023	2	5105	60366	60366	1
f	18	2023	2	5102	61724	61724	1
m	18	2023	5	7788	62016	62016	1
f	older  60	2023	2	5414	86862	86862	1
f	18	2023	5	9061	99214	99214	1
m	18	2023	2	2444	45908	45908	1
m	older  60	2020	5	1621	12936	12936	1
f	older  60	2020	5	5102	61589	61589	1
m	older  60	2020	5	4829	62845	62845	1
m	older  60	2023	5	5414	82299	82299	1
m	from 19 to 31	2023	2	5414	8890	8890	1
m	older  60	2020	5	8087	54686	54686	1
m	older  60	2020	5	7388	6018	6018	1
f	from 19 to 31	2020	2	7869	82826	82826	1
m	older  60	2023	2	1621	96347	96347	1
m	older  60	2020	5	7861	38647	38647	1
f	from 19 to 31	2020	2	7696	86249	86249	1
m	older  60	2020	2	1621	84489	84489	1
f	18	2023	5	5448	42091	42091	1
f	from 19 to 31	2020	5	1725	11541	11541	1
f	older  60	2020	5	1655	37199	37199	1
m	18	2020	2	1655	74904	74904	1
m	older  60	2020	5	4053	3717	3717	1
f	from 19 to 31	2023	2	3070	84424	84424	1
f	from 19 to 31	2020	2	1725	68089	68089	1
f	older  60	2020	2	1655	51035	51035	1
m	older  60	2020	5	2346	23904	23904	1
m	older  60	2023	5	9061	17703	17703	1
m	older  60	2020	2	6945	72486	36243	2
m	18	2023	2	6257	97167	97167	1
m	older  60	2023	2	5096	207491	69163.67	3
f	from 19 to 31	2023	5	5932	45456	22728	2
m	older  60	2023	2	6914	114355	57177.5	2
m	older  60	2023	5	4172	88339	88339	1
m	older  60	2020	2	1725	83664	41832	2
m	older  60	2023	2	1047	15093	15093	1
f	older  60	2023	5	6945	21800	21800	1
m	from 19 to 31	2020	5	9365	5529	5529	1
f	older  60	2020	5	2787	57964	57964	1
f	older  60	2020	5	6978	15417	15417	1
f	18	2020	5	7664	47270	47270	1
f	from 19 to 31	2020	5	4172	113830	56915	2
m	older  60	2023	2	4226	1433	1433	1
f	older  60	2020	5	4641	55955	55955	1
m	from 19 to 31	2020	2	4172	60014	60014	1
m	from 19 to 31	2023	2	4172	63219	63219	1
m	older  60	2023	5	1151	68451	68451	1
m	older  60	2020	2	1081	71573	71573	1
f	18	2023	5	5521	59279	59279	1
m	18	2020	2	6945	45842	45842	1
m	older  60	2023	2	8741	71874	71874	1
m	from 19 to 31	2023	5	7614	19373	19373	1
m	18	2020	2	6833	51049	51049	1
m	older  60	2023	5	8932	1978	1978	1
m	18	2023	2	4053	15411	15411	1
m	older  60	2020	2	2494	119	119	1
m	older  60	2023	5	3271	11580	11580	1
m	older  60	2023	5	8300	77667	77667	1
f	from 19 to 31	2023	5	9124	49883	49883	1
m	older  60	2020	5	9882	37420	37420	1
f	older  60	2020	5	1965	48087	48087	1
f	from 19 to 31	2020	5	8109	147777	73888.5	2
m	older  60	2020	2	7664	87893	43946.5	2
f	18	2020	2	5096	9787	9787	1
m	older  60	2023	2	8445	2602	2602	1
f	from 19 to 31	2023	2	7664	66927	66927	1
m	older  60	2023	5	5448	94783	94783	1
m	18	2023	2	4172	89778	89778	1
m	older  60	2020	5	6257	14918	14918	1
f	older  60	2020	2	2444	49086	24543	2
m	18	2020	2	5280	18267	18267	1
m	older  60	2020	2	1936	75515	75515	1
f	18	2020	5	2126	24456	24456	1
m	18	2023	5	9882	83600	83600	1
m	from 19 to 31	2023	2	2854	73461	73461	1
m	18	2023	2	1922	73950	73950	1
f	from 19 to 31	2020	5	6219	12059	12059	1
m	older  60	2023	2	8764	93813	46906.5	2
m	older  60	2023	5	4937	33217	33217	1
f	older  60	2020	2	5414	44725	44725	1
f	older  60	2020	2	7664	89961	89961	1
m	older  60	2020	5	3293	54989	27494.5	2
f	older  60	2023	5	7869	76683	76683	1
m	older  60	2023	2	7386	25669	25669	1
m	older  60	2020	2	1655	24344	24344	1
f	from 19 to 31	2023	5	1936	46857	46857	1
m	older  60	2023	2	9731	108857	54428.5	2
m	from 19 to 31	2023	2	1596	90433	90433	1
f	older  60	2023	5	5219	82845	82845	1
m	older  60	2023	5	4641	30931	30931	1
f	from 19 to 31	2020	2	5119	26767	26767	1
\.


--
-- Data for Name: c; Type: TABLE DATA; Schema: public; Owner: maxim
--

COPY public.c (client_id, gender, age) FROM stdin;
1	m	95
2	m	18
3	f	65
4	f	22
5	m	39
6	m	99
7	f	1
8	f	18
9	f	13
10	f	22
11	f	26
12	m	13
13	f	38
14	m	53
15	m	21
16	f	25
17	m	49
18	f	70
19	m	90
20	m	20
21	m	76
22	f	22
23	f	2
24	m	99
25	f	16
26	m	5
27	f	60
28	m	78
29	m	83
30	m	2
31	f	48
32	m	17
33	m	92
34	f	31
35	m	71
36	f	25
37	f	77
38	m	59
39	m	94
40	f	79
41	f	24
42	m	25
43	f	60
44	m	74
45	f	22
46	m	63
47	m	79
48	m	47
49	f	78
50	f	0
51	m	58
52	f	89
53	m	97
54	m	36
55	m	32
56	m	12
57	m	60
58	f	29
59	m	96
60	f	82
61	m	13
62	f	48
63	f	75
64	f	29
65	m	82
66	m	51
67	m	53
68	m	67
69	m	76
70	m	13
71	m	2
72	m	63
73	f	68
74	m	35
75	m	86
76	f	39
77	f	85
78	f	27
79	m	61
80	m	8
81	f	97
82	f	59
83	m	24
84	f	51
85	m	93
86	m	73
87	f	47
88	m	15
89	f	56
90	m	32
91	f	12
92	f	22
93	f	3
94	f	91
95	m	13
96	m	11
97	m	35
98	m	79
99	m	38
100	m	2
\.


--
-- Data for Name: m; Type: TABLE DATA; Schema: public; Owner: maxim
--

COPY public.m (merchant_id, latitude, longitude, mcc_id) FROM stdin;
1	13.88715	-139.50087	5280
2	-177.06339	-166.33502	7386
3	-126.23194	-54.06241	6094
4	-32.80785	-144.76476	2116
5	-31.49134	174.39749	2346
6	-105.8294	-86.03608	2787
7	-133.33765	-150.5373	4641
8	7.6096	16.36757	9365
9	-139.69818	-143.44215	9882
10	82.09958	-86.5898	2854
11	103.41385	11.8695	3271
12	8.22824	20.94919	1922
13	-21.39001	-167.66415	9917
14	178.87053	53.36005	6978
15	-160.81583	5.39078	5105
16	-103.34338	-129.87328	9228
17	-98.24969	79.61276	3955
18	-62.27068	-39.60631	7788
19	69.38006	-87.96217	1081
20	48.32527	26.06342	4053
21	-154.03271	-162.29066	5303
22	-139.52567	-121.14486	1936
23	104.38739	-145.66042	6945
24	-41.17776	-147.87817	8764
25	129.05447	-20.03351	1596
26	-137.05391	-6.60131	2494
27	-161.45026	-159.90202	5096
28	73.66795	-44.64282	7344
29	51.62264	43.97216	8445
30	155.67293	-63.32181	1655
31	31.43288	12.36945	9037
32	-142.05212	-179.90906	5494
33	-173.49388	130.52933	5219
34	-145.0876	29.72576	7750
35	-153.54736	85.04498	2564
36	2.92851	54.22047	6844
37	-40.88169	-160.50943	9731
38	-6.39046	82.05432	1047
39	142.7189	-131.95879	7388
40	-96.77974	66.63946	4772
41	-25.9131	95.13871	6914
42	-53.17371	-101.44303	5932
43	0.69373	10.96234	8109
44	-26.88718	-4.62038	5119
45	-170.40082	54.77872	9124
46	-87.2629	73.07475	4937
47	100.31942	70.79529	5521
48	129.0836	10.37902	8300
49	159.18309	-128.92297	4226
50	-109.4827	-27.74631	7614
51	24.3406	105.57973	7861
52	-176.09897	23.79305	6181
53	7.23742	121.69179	6219
54	59.22367	8.44057	3293
55	97.93505	179.29456	1621
56	-68.75348	180.49925	4829
57	-174.66032	-49.82069	8741
58	-58.14348	-99.21606	3615
59	1.64785	-111.66311	8932
60	-64.06037	83.53251	2542
61	-86.98184	-46.36733	1725
62	-80.85463	153.05998	3070
63	75.27243	-109.22319	7869
64	-136.95407	105.10155	8945
65	48.32916	52.14961	7696
66	160.5839	-146.34007	7288
67	-115.62308	-55.94174	6407
68	39.80055	-60.82685	6495
69	-169.23448	103.97734	8653
70	-20.10545	69.52256	5966
71	-58.11753	-167.58365	7664
72	50.11077	145.3172	4172
73	-156.98912	-87.97353	4890
74	174.39133	26.91962	9150
75	111.56817	-90.9061	2580
76	-167.32442	-86.85717	2126
77	-130.90143	173.66782	9008
78	98.76332	133.98705	8451
79	-59.1795	-70.50784	4682
80	167.54237	52.64256	2401
81	15.12579	-68.84713	5448
82	153.17905	-55.19155	1972
83	-146.06044	140.87708	2344
84	-50.67947	82.62598	6833
85	11.78434	-8.74212	8087
86	37.53841	22.00031	2552
87	5.0436	125.80161	9934
88	108.69708	-90.94543	9656
89	-87.69111	-171.48552	1457
90	42.32561	-117.09226	1965
91	-13.87769	-125.71283	1151
92	-83.69635	-53.01771	6257
93	-24.29724	-50.37198	5414
94	106.1632	10.21553	5102
95	100.23029	-135.75565	2176
96	18.11807	-40.68203	9668
97	-99.79165	17.91322	5235
98	-173.42113	34.51642	9869
99	-48.30119	-82.01104	9061
100	-161.75317	-140.77707	2444
\.


--
-- Data for Name: t; Type: TABLE DATA; Schema: public; Owner: maxim
--

COPY public.t (merchant_id, client_id, transaction_dttm, transaction_amt) FROM stdin;
88	81	2023-02-06 11:05:03.895538	31754
53	4	2023-05-17 11:05:03.895538	91078
99	75	2023-05-17 11:05:03.895538	17703
98	80	2023-02-06 11:05:03.895538	95674
92	44	2023-05-17 11:05:03.895538	76977
15	13	2023-02-06 11:05:03.895538	60366
27	39	2023-02-06 11:05:03.895538	78383
98	12	2023-02-06 11:05:03.895538	90905
54	88	2023-05-17 11:05:03.895538	47360
100	41	2023-05-17 11:05:03.895538	70910
86	49	2023-02-06 11:05:03.895538	10804
81	91	2023-05-17 11:05:03.895538	42091
14	30	2023-02-06 11:05:03.895538	92396
37	57	2023-02-06 11:05:03.895538	85027
93	60	2023-02-06 11:05:03.895538	86862
33	40	2023-05-17 11:05:03.895538	82845
4	37	2023-02-06 11:05:03.895538	260
17	53	2023-02-06 11:05:03.895538	22963
26	80	2023-05-17 11:05:03.895538	55243
29	50	2023-05-17 11:05:03.895538	67882
35	5	2023-02-06 11:05:03.895538	25154
48	19	2023-02-06 11:05:03.895538	5052
53	44	2023-05-17 11:05:03.895538	78897
34	69	2023-02-06 11:05:03.895538	67948
98	29	2023-05-17 11:05:03.895538	89708
36	34	2023-02-06 11:05:03.895538	5756
42	20	2023-05-17 11:05:03.895538	85270
41	53	2023-02-06 11:05:03.895538	67438
31	63	2023-02-06 11:05:03.895538	94069
24	6	2023-02-06 11:05:03.895538	57461
75	26	2023-05-17 11:05:03.895538	73422
38	48	2023-02-06 11:05:03.895538	15093
72	35	2023-05-17 11:05:03.895538	88339
71	92	2023-02-06 11:05:03.895538	66927
28	76	2023-02-06 11:05:03.895538	47177
42	34	2023-05-17 11:05:03.895538	3178
89	39	2023-02-06 11:05:03.895538	89974
67	96	2023-02-06 11:05:03.895538	32285
91	66	2023-05-17 11:05:03.895538	68451
79	34	2023-02-06 11:05:03.895538	75515
43	63	2023-02-06 11:05:03.895538	52817
10	15	2023-02-06 11:05:03.895538	73461
45	64	2023-05-17 11:05:03.895538	49883
72	88	2023-02-06 11:05:03.895538	89778
50	83	2023-05-17 11:05:03.895538	19373
91	78	2023-02-06 11:05:03.895538	13930
7	79	2023-05-17 11:05:03.895538	30931
62	34	2023-02-06 11:05:03.895538	84424
37	59	2023-05-17 11:05:03.895538	12997
63	3	2023-05-17 11:05:03.895538	76683
15	15	2023-05-17 11:05:03.895538	6547
2	48	2023-02-06 11:05:03.895538	25669
95	3	2023-02-06 11:05:03.895538	51611
93	66	2023-05-17 11:05:03.895538	82299
29	33	2023-02-06 11:05:03.895538	2602
75	31	2023-05-17 11:05:03.895538	34882
98	99	2023-05-17 11:05:03.895538	89606
18	70	2023-05-17 11:05:03.895538	62016
43	84	2023-02-06 11:05:03.895538	17177
23	62	2023-05-17 11:05:03.895538	21800
30	16	2023-02-06 11:05:03.895538	19562
59	26	2023-05-17 11:05:03.895538	23686
57	79	2023-02-06 11:05:03.895538	71874
12	32	2023-02-06 11:05:03.895538	73950
25	15	2023-02-06 11:05:03.895538	90433
57	13	2023-02-06 11:05:03.895538	33508
42	11	2023-05-17 11:05:03.895538	42278
48	39	2023-05-17 11:05:03.895538	77667
37	66	2023-02-06 11:05:03.895538	23830
49	74	2023-02-06 11:05:03.895538	1433
94	50	2023-02-06 11:05:03.895538	61724
27	14	2023-02-06 11:05:03.895538	71100
80	11	2023-05-17 11:05:03.895538	35045
79	55	2023-02-06 11:05:03.895538	83120
83	71	2023-02-06 11:05:03.895538	17494
89	94	2023-02-06 11:05:03.895538	54604
9	49	2023-02-06 11:05:03.895538	90467
24	99	2023-02-06 11:05:03.895538	36352
9	88	2023-05-17 11:05:03.895538	83600
93	83	2023-02-06 11:05:03.895538	8890
27	19	2023-02-06 11:05:03.895538	58008
81	51	2023-05-17 11:05:03.895538	94783
47	93	2023-05-17 11:05:03.895538	59279
55	46	2023-02-06 11:05:03.895538	96347
50	10	2023-05-17 11:05:03.895538	32208
41	46	2023-02-06 11:05:03.895538	46917
31	48	2023-05-17 11:05:03.895538	7351
100	32	2023-02-06 11:05:03.895538	45908
50	37	2023-05-17 11:05:03.895538	40632
46	69	2023-05-17 11:05:03.895538	33217
11	59	2023-05-17 11:05:03.895538	11580
22	34	2023-05-17 11:05:03.895538	46857
72	42	2023-02-06 11:05:03.895538	63219
99	23	2023-05-17 11:05:03.895538	99214
92	26	2023-02-06 11:05:03.895538	97167
59	17	2023-05-17 11:05:03.895538	1978
91	14	2023-02-06 11:05:03.895538	21222
92	33	2023-05-17 11:05:03.895538	67524
20	71	2023-05-17 11:05:03.895538	83535
20	80	2023-02-06 11:05:03.895538	15411
46	92	2020-05-17 12:33:15.296699	45245
6	36	2020-05-17 12:33:15.296699	71393
13	89	2020-02-07 12:33:15.296699	51722
76	93	2020-05-17 12:33:15.296699	24456
74	61	2020-05-17 12:33:15.296699	74055
94	84	2020-05-17 12:33:15.296699	61589
43	22	2020-05-17 12:33:15.296699	92536
99	92	2020-05-17 12:33:15.296699	72012
55	15	2020-02-07 12:33:15.296699	94892
19	22	2020-05-17 12:33:15.296699	17401
34	20	2020-02-07 12:33:15.296699	96013
65	4	2020-02-07 12:33:15.296699	86249
27	50	2020-02-07 12:33:15.296699	9787
20	39	2020-05-17 12:33:15.296699	3717
90	24	2020-02-07 12:33:15.296699	5414
70	8	2020-05-17 12:33:15.296699	34087
61	14	2020-02-07 12:33:15.296699	53332
72	78	2020-05-17 12:33:15.296699	24738
54	75	2020-05-17 12:33:15.296699	41766
8	20	2020-05-17 12:33:15.296699	5529
5	5	2020-05-17 12:33:15.296699	23904
22	59	2020-02-07 12:33:15.296699	75515
45	69	2020-05-17 12:33:15.296699	37855
20	71	2020-05-17 12:33:15.296699	80124
44	92	2020-02-07 12:33:15.296699	26767
2	34	2020-02-07 12:33:15.296699	6246
30	96	2020-02-07 12:33:15.296699	74904
26	67	2020-02-07 12:33:15.296699	119
20	74	2020-02-07 12:33:15.296699	66930
58	64	2020-05-17 12:33:15.296699	43453
19	92	2020-05-17 12:33:15.296699	72338
33	1	2020-02-07 12:33:15.296699	6956
98	39	2020-05-17 12:33:15.296699	54660
30	8	2020-05-17 12:33:15.296699	37199
39	59	2020-05-17 12:33:15.296699	6018
24	57	2020-02-07 12:33:15.296699	22742
61	78	2020-05-17 12:33:15.296699	11541
86	65	2020-02-07 12:33:15.296699	28473
38	53	2020-02-07 12:33:15.296699	55342
76	26	2020-02-07 12:33:15.296699	83334
71	63	2020-02-07 12:33:15.296699	89961
3	12	2020-02-07 12:33:15.296699	55891
13	37	2020-02-07 12:33:15.296699	4597
85	17	2020-05-17 12:33:15.296699	54686
37	5	2020-02-07 12:33:15.296699	43927
23	32	2020-02-07 12:33:15.296699	45842
64	30	2020-02-07 12:33:15.296699	48958
72	36	2020-05-17 12:33:15.296699	89092
64	51	2020-05-17 12:33:15.296699	14099
43	10	2020-05-17 12:33:15.296699	55241
13	32	2020-05-17 12:33:15.296699	80525
5	76	2020-05-17 12:33:15.296699	2971
92	69	2020-05-17 12:33:15.296699	14918
23	53	2020-02-07 12:33:15.296699	61007
63	86	2020-02-07 12:33:15.296699	54774
63	22	2020-02-07 12:33:15.296699	82826
33	44	2020-02-07 12:33:15.296699	36745
14	73	2020-05-17 12:33:15.296699	15417
56	5	2020-05-17 12:33:15.296699	62845
30	73	2020-02-07 12:33:15.296699	51035
66	90	2020-05-17 12:33:15.296699	874
23	5	2020-02-07 12:33:15.296699	11479
72	83	2020-02-07 12:33:15.296699	60014
90	52	2020-05-17 12:33:15.296699	48087
61	35	2020-02-07 12:33:15.296699	30332
100	89	2020-02-07 12:33:15.296699	27464
77	68	2020-02-07 12:33:15.296699	25786
55	19	2020-05-17 12:33:15.296699	12936
30	44	2020-02-07 12:33:15.296699	24344
93	8	2020-02-07 12:33:15.296699	44725
7	63	2020-05-17 12:33:15.296699	55955
61	41	2020-02-07 12:33:15.296699	68089
27	79	2020-02-07 12:33:15.296699	49351
6	73	2020-05-17 12:33:15.296699	57964
53	78	2020-05-17 12:33:15.296699	12059
9	75	2020-02-07 12:33:15.296699	41074
55	29	2020-02-07 12:33:15.296699	84489
62	2	2020-02-07 12:33:15.296699	22074
71	65	2020-02-07 12:33:15.296699	78599
32	53	2020-02-07 12:33:15.296699	78942
38	35	2020-02-07 12:33:15.296699	84399
57	20	2020-05-17 12:33:15.296699	4697
50	90	2020-05-17 12:33:15.296699	3416
9	97	2020-05-17 12:33:15.296699	37420
71	7	2020-05-17 12:33:15.296699	47270
51	97	2020-05-17 12:33:15.296699	38647
100	31	2020-02-07 12:33:15.296699	21622
78	91	2020-05-17 12:33:15.296699	51385
67	10	2020-05-17 12:33:15.296699	1007
34	71	2020-05-17 12:33:15.296699	93327
43	18	2020-02-07 12:33:15.296699	88473
1	88	2020-02-07 12:33:15.296699	18267
48	55	2020-02-07 12:33:15.296699	45403
71	57	2020-02-07 12:33:15.296699	9294
19	33	2020-02-07 12:33:15.296699	71573
84	30	2020-02-07 12:33:15.296699	51049
54	38	2020-05-17 12:33:15.296699	13223
99	17	2020-02-07 12:33:15.296699	65099
52	50	2020-05-17 12:33:15.296699	77803
64	15	2020-05-17 12:33:15.296699	82492
\.


--
-- Name: c c_pkey; Type: CONSTRAINT; Schema: public; Owner: maxim
--

ALTER TABLE ONLY public.c
    ADD CONSTRAINT c_pkey PRIMARY KEY (client_id);


--
-- Name: m m_pkey; Type: CONSTRAINT; Schema: public; Owner: maxim
--

ALTER TABLE ONLY public.m
    ADD CONSTRAINT m_pkey PRIMARY KEY (merchant_id);


--
-- Name: t t_client_id_fkey; Type: FK CONSTRAINT; Schema: public; Owner: maxim
--

ALTER TABLE ONLY public.t
    ADD CONSTRAINT t_client_id_fkey FOREIGN KEY (client_id) REFERENCES public.c(client_id);


--
-- Name: t t_merchant_id_fkey; Type: FK CONSTRAINT; Schema: public; Owner: maxim
--

ALTER TABLE ONLY public.t
    ADD CONSTRAINT t_merchant_id_fkey FOREIGN KEY (merchant_id) REFERENCES public.m(merchant_id);


--
-- PostgreSQL database dump complete
--

